"pixel_id","x","y","Sample","Treatment","Timepoint","Old_Clusters"
"pixel_77055",16970.080078125,55995.46875,"bleo_d21_1","bleo","d21","Cluster1"
"pixel_77056",16900.080078125,55995.46875,"bleo_d21_1","bleo","d21","Cluster1"
"pixel_77057",16830.080078125,55995.46875,"bleo_d21_1","bleo","d21","Cluster1"
"pixel_77058",16760.080078125,55995.46875,"bleo_d21_1","bleo","d21","Cluster1"
"pixel_77059",16690.080078125,55995.46875,"bleo_d21_1","bleo","d21","Cluster1"
"pixel_77060",16620.080078125,55995.46875,"bleo_d21_1","bleo","d21","Cluster1"
"pixel_77061",16550.080078125,55995.46875,"bleo_d21_1","bleo","d21","Cluster1"
"pixel_77062",16480.080078125,55995.46875,"bleo_d21_1","bleo","d21","Cluster1"
"pixel_77063",16410.080078125,55995.46875,"bleo_d21_1","bleo","d21","Cluster1"
"pixel_77064",16340.0791015625,55995.46875,"bleo_d21_1","bleo","d21","Cluster1"
"pixel_77065",16270.0791015625,55995.46875,"bleo_d21_1","bleo","d21","Cluster1"
"pixel_77066",16200.0791015625,55995.46875,"bleo_d21_1","bleo","d21","Cluster1"
"pixel_77067",16130.0791015625,55995.46875,"bleo_d21_1","bleo","d21","Cluster1"
"pixel_77068",16060.0791015625,55995.46875,"bleo_d21_1","bleo","d21","Cluster1"
"pixel_77673",16970.080078125,55925.46875,"bleo_d21_1","bleo","d21","Cluster1"
"pixel_77674",16900.080078125,55925.46875,"bleo_d21_1","bleo","d21","Cluster1"
"pixel_77675",16830.080078125,55925.46875,"bleo_d21_1","bleo","d21","Cluster1"
"pixel_77676",16760.080078125,55925.46875,"bleo_d21_1","bleo","d21","Cluster1"
"pixel_77677",16690.080078125,55925.46875,"bleo_d21_1","bleo","d21","Cluster1"
"pixel_77678",16620.080078125,55925.46875,"bleo_d21_1","bleo","d21","Cluster1"
"pixel_77679",16550.080078125,55925.46875,"bleo_d21_1","bleo","d21","Cluster1"
"pixel_77680",16480.080078125,55925.46875,"bleo_d21_1","bleo","d21","Cluster1"
"pixel_77681",16410.080078125,55925.46875,"bleo_d21_1","bleo","d21","Cluster1"
"pixel_77682",16340.0791015625,55925.46875,"bleo_d21_1","bleo","d21","Cluster1"
"pixel_77683",16270.0791015625,55925.46875,"bleo_d21_1","bleo","d21","Cluster1"
"pixel_77684",16200.0791015625,55925.46875,"bleo_d21_1","bleo","d21","Cluster1"
"pixel_77685",16130.0791015625,55925.46875,"bleo_d21_1","bleo","d21","Cluster1"
"pixel_77686",16060.0791015625,55925.46875,"bleo_d21_1","bleo","d21","Cluster1"
"pixel_78291",16970.080078125,55855.46875,"bleo_d21_1","bleo","d21","Cluster1"
"pixel_78292",16900.080078125,55855.46875,"bleo_d21_1","bleo","d21","Cluster1"
"pixel_78293",16830.080078125,55855.46875,"bleo_d21_1","bleo","d21","Cluster1"
"pixel_78294",16760.080078125,55855.46875,"bleo_d21_1","bleo","d21","Cluster1"
"pixel_78295",16690.080078125,55855.46875,"bleo_d21_1","bleo","d21","Cluster1"
"pixel_78296",16620.080078125,55855.46875,"bleo_d21_1","bleo","d21","Cluster1"
"pixel_78297",16550.080078125,55855.46875,"bleo_d21_1","bleo","d21","Cluster1"
"pixel_78298",16480.080078125,55855.46875,"bleo_d21_1","bleo","d21","Cluster1"
"pixel_78299",16410.080078125,55855.46875,"bleo_d21_1","bleo","d21","Cluster1"
"pixel_78300",16340.0791015625,55855.46875,"bleo_d21_1","bleo","d21","Cluster1"
"pixel_78301",16270.0791015625,55855.46875,"bleo_d21_1","bleo","d21","Cluster1"
"pixel_78302",16200.0791015625,55855.46875,"bleo_d21_1","bleo","d21","Cluster1"
"pixel_78303",16130.0791015625,55855.46875,"bleo_d21_1","bleo","d21","Cluster1"
"pixel_78304",16060.0791015625,55855.46875,"bleo_d21_1","bleo","d21","Cluster1"
"pixel_78909",16970.080078125,55785.46875,"bleo_d21_1","bleo","d21","Cluster1"
"pixel_78910",16900.080078125,55785.46875,"bleo_d21_1","bleo","d21","Cluster1"
"pixel_78911",16830.080078125,55785.46875,"bleo_d21_1","bleo","d21","Cluster1"
"pixel_78912",16760.080078125,55785.46875,"bleo_d21_1","bleo","d21","Cluster1"
"pixel_78913",16690.080078125,55785.46875,"bleo_d21_1","bleo","d21","Cluster1"
"pixel_78914",16620.080078125,55785.46875,"bleo_d21_1","bleo","d21","Cluster1"
"pixel_78915",16550.080078125,55785.46875,"bleo_d21_1","bleo","d21","Cluster1"
"pixel_78916",16480.080078125,55785.46875,"bleo_d21_1","bleo","d21","Cluster1"
"pixel_78917",16410.080078125,55785.46875,"bleo_d21_1","bleo","d21","Cluster1"
"pixel_78918",16340.0791015625,55785.46875,"bleo_d21_1","bleo","d21","Cluster1"
"pixel_78919",16270.0791015625,55785.46875,"bleo_d21_1","bleo","d21","Cluster1"
"pixel_78920",16200.0791015625,55785.46875,"bleo_d21_1","bleo","d21","Cluster1"
"pixel_78921",16130.0791015625,55785.46875,"bleo_d21_1","bleo","d21","Cluster1"
"pixel_78922",16060.0791015625,55785.46875,"bleo_d21_1","bleo","d21","Cluster1"
"pixel_79527",16970.080078125,55715.46875,"bleo_d21_1","bleo","d21","Cluster1"
"pixel_79528",16900.080078125,55715.46875,"bleo_d21_1","bleo","d21","Cluster1"
"pixel_79529",16830.080078125,55715.46875,"bleo_d21_1","bleo","d21","Cluster1"
"pixel_79530",16760.080078125,55715.46875,"bleo_d21_1","bleo","d21","Cluster1"
"pixel_79531",16690.080078125,55715.46875,"bleo_d21_1","bleo","d21","Cluster1"
"pixel_79532",16620.080078125,55715.46875,"bleo_d21_1","bleo","d21","Cluster1"
"pixel_79533",16550.080078125,55715.46875,"bleo_d21_1","bleo","d21","Cluster1"
"pixel_79534",16480.080078125,55715.46875,"bleo_d21_1","bleo","d21","Cluster1"
"pixel_79535",16410.080078125,55715.46875,"bleo_d21_1","bleo","d21","Cluster1"
"pixel_79536",16340.0791015625,55715.46875,"bleo_d21_1","bleo","d21","Cluster1"
"pixel_79537",16270.0791015625,55715.46875,"bleo_d21_1","bleo","d21","Cluster1"
"pixel_79538",16200.0791015625,55715.46875,"bleo_d21_1","bleo","d21","Cluster1"
"pixel_79539",16130.0791015625,55715.46875,"bleo_d21_1","bleo","d21","Cluster1"
"pixel_80145",16970.080078125,55645.46875,"bleo_d21_1","bleo","d21","Cluster1"
"pixel_80146",16900.080078125,55645.46875,"bleo_d21_1","bleo","d21","Cluster1"
"pixel_80147",16830.080078125,55645.46875,"bleo_d21_1","bleo","d21","Cluster1"
"pixel_80148",16760.080078125,55645.46875,"bleo_d21_1","bleo","d21","Cluster1"
"pixel_80149",16690.080078125,55645.46875,"bleo_d21_1","bleo","d21","Cluster1"
"pixel_80150",16620.080078125,55645.46875,"bleo_d21_1","bleo","d21","Cluster1"
"pixel_80151",16550.080078125,55645.46875,"bleo_d21_1","bleo","d21","Cluster1"
"pixel_80152",16480.080078125,55645.46875,"bleo_d21_1","bleo","d21","Cluster1"
"pixel_80153",16410.080078125,55645.46875,"bleo_d21_1","bleo","d21","Cluster1"
"pixel_80154",16340.0791015625,55645.46875,"bleo_d21_1","bleo","d21","Cluster1"
"pixel_80155",16270.0791015625,55645.46875,"bleo_d21_1","bleo","d21","Cluster1"
"pixel_80156",16200.0791015625,55645.46875,"bleo_d21_1","bleo","d21","Cluster1"
"pixel_80157",16130.0791015625,55645.46875,"bleo_d21_1","bleo","d21","Cluster1"
"pixel_80763",16970.080078125,55575.46875,"bleo_d21_1","bleo","d21","Cluster1"
"pixel_80764",16900.080078125,55575.46875,"bleo_d21_1","bleo","d21","Cluster1"
"pixel_80765",16830.080078125,55575.46875,"bleo_d21_1","bleo","d21","Cluster1"
"pixel_80766",16760.080078125,55575.46875,"bleo_d21_1","bleo","d21","Cluster1"
"pixel_80767",16690.080078125,55575.46875,"bleo_d21_1","bleo","d21","Cluster1"
"pixel_80768",16620.080078125,55575.46875,"bleo_d21_1","bleo","d21","Cluster1"
"pixel_80769",16550.080078125,55575.46875,"bleo_d21_1","bleo","d21","Cluster1"
"pixel_80770",16480.080078125,55575.46875,"bleo_d21_1","bleo","d21","Cluster1"
"pixel_80771",16410.080078125,55575.46875,"bleo_d21_1","bleo","d21","Cluster1"
"pixel_80772",16340.0791015625,55575.46875,"bleo_d21_1","bleo","d21","Cluster1"
"pixel_80773",16270.0791015625,55575.46875,"bleo_d21_1","bleo","d21","Cluster1"
"pixel_80774",16200.0791015625,55575.46875,"bleo_d21_1","bleo","d21","Cluster1"
"pixel_80775",16130.0791015625,55575.46875,"bleo_d21_1","bleo","d21","Cluster1"
"pixel_81381",16970.080078125,55505.46875,"bleo_d21_1","bleo","d21","Cluster1"
"pixel_81382",16900.080078125,55505.46875,"bleo_d21_1","bleo","d21","Cluster1"
"pixel_81383",16830.080078125,55505.46875,"bleo_d21_1","bleo","d21","Cluster1"
"pixel_81384",16760.080078125,55505.46875,"bleo_d21_1","bleo","d21","Cluster1"
"pixel_81385",16690.080078125,55505.46875,"bleo_d21_1","bleo","d21","Cluster1"
"pixel_81386",16620.080078125,55505.46875,"bleo_d21_1","bleo","d21","Cluster1"
"pixel_81387",16550.080078125,55505.46875,"bleo_d21_1","bleo","d21","Cluster1"
"pixel_81388",16480.080078125,55505.46875,"bleo_d21_1","bleo","d21","Cluster1"
"pixel_81389",16410.080078125,55505.46875,"bleo_d21_1","bleo","d21","Cluster1"
"pixel_81390",16340.0791015625,55505.46875,"bleo_d21_1","bleo","d21","Cluster1"
"pixel_81391",16270.0791015625,55505.46875,"bleo_d21_1","bleo","d21","Cluster1"
"pixel_81392",16200.0791015625,55505.46875,"bleo_d21_1","bleo","d21","Cluster1"
"pixel_81393",16130.0791015625,55505.46875,"bleo_d21_1","bleo","d21","Cluster1"
"pixel_81999",16970.080078125,55435.46875,"bleo_d21_1","bleo","d21","Cluster1"
"pixel_82000",16900.080078125,55435.46875,"bleo_d21_1","bleo","d21","Cluster1"
"pixel_82001",16830.080078125,55435.46875,"bleo_d21_1","bleo","d21","Cluster1"
"pixel_82002",16760.080078125,55435.46875,"bleo_d21_1","bleo","d21","Cluster1"
"pixel_82003",16690.080078125,55435.46875,"bleo_d21_1","bleo","d21","Cluster1"
"pixel_82004",16620.080078125,55435.46875,"bleo_d21_1","bleo","d21","Cluster1"
"pixel_82005",16550.080078125,55435.46875,"bleo_d21_1","bleo","d21","Cluster1"
"pixel_82006",16480.080078125,55435.46875,"bleo_d21_1","bleo","d21","Cluster1"
"pixel_82007",16410.080078125,55435.46875,"bleo_d21_1","bleo","d21","Cluster1"
"pixel_82008",16340.0791015625,55435.46875,"bleo_d21_1","bleo","d21","Cluster1"
"pixel_82009",16270.0791015625,55435.46875,"bleo_d21_1","bleo","d21","Cluster1"
"pixel_82010",16200.0791015625,55435.46875,"bleo_d21_1","bleo","d21","Cluster1"
"pixel_82011",16130.0791015625,55435.46875,"bleo_d21_1","bleo","d21","Cluster1"
"pixel_82617",16970.080078125,55365.46875,"bleo_d21_1","bleo","d21","Cluster1"
"pixel_82618",16900.080078125,55365.46875,"bleo_d21_1","bleo","d21","Cluster1"
"pixel_82619",16830.080078125,55365.46875,"bleo_d21_1","bleo","d21","Cluster1"
"pixel_82620",16760.080078125,55365.46875,"bleo_d21_1","bleo","d21","Cluster1"
"pixel_82621",16690.080078125,55365.46875,"bleo_d21_1","bleo","d21","Cluster1"
"pixel_82622",16620.080078125,55365.46875,"bleo_d21_1","bleo","d21","Cluster1"
"pixel_82623",16550.080078125,55365.46875,"bleo_d21_1","bleo","d21","Cluster1"
"pixel_82624",16480.080078125,55365.46875,"bleo_d21_1","bleo","d21","Cluster1"
"pixel_82625",16410.080078125,55365.46875,"bleo_d21_1","bleo","d21","Cluster1"
"pixel_82626",16340.0791015625,55365.46875,"bleo_d21_1","bleo","d21","Cluster1"
"pixel_82627",16270.0791015625,55365.46875,"bleo_d21_1","bleo","d21","Cluster1"
"pixel_82628",16200.0791015625,55365.46875,"bleo_d21_1","bleo","d21","Cluster1"
"pixel_82629",16130.0791015625,55365.46875,"bleo_d21_1","bleo","d21","Cluster1"
"pixel_83235",16970.080078125,55295.46875,"bleo_d21_1","bleo","d21","Cluster1"
"pixel_83236",16900.080078125,55295.46875,"bleo_d21_1","bleo","d21","Cluster1"
"pixel_83237",16830.080078125,55295.46875,"bleo_d21_1","bleo","d21","Cluster1"
"pixel_83238",16760.080078125,55295.46875,"bleo_d21_1","bleo","d21","Cluster1"
"pixel_83239",16690.080078125,55295.46875,"bleo_d21_1","bleo","d21","Cluster1"
"pixel_83240",16620.080078125,55295.46875,"bleo_d21_1","bleo","d21","Cluster1"
"pixel_83241",16550.080078125,55295.46875,"bleo_d21_1","bleo","d21","Cluster2"
"pixel_83242",16480.080078125,55295.46875,"bleo_d21_1","bleo","d21","Cluster2"
"pixel_83243",16410.080078125,55295.46875,"bleo_d21_1","bleo","d21","Cluster2"
"pixel_83244",16340.0791015625,55295.46875,"bleo_d21_1","bleo","d21","Cluster1"
"pixel_83245",16270.0791015625,55295.46875,"bleo_d21_1","bleo","d21","Cluster1"
"pixel_83246",16200.0791015625,55295.46875,"bleo_d21_1","bleo","d21","Cluster1"
"pixel_83853",16970.080078125,55225.46875,"bleo_d21_1","bleo","d21","Cluster1"
"pixel_83854",16900.080078125,55225.46875,"bleo_d21_1","bleo","d21","Cluster1"
"pixel_83855",16830.080078125,55225.46875,"bleo_d21_1","bleo","d21","Cluster1"
"pixel_83856",16760.080078125,55225.46875,"bleo_d21_1","bleo","d21","Cluster1"
"pixel_83857",16690.080078125,55225.46875,"bleo_d21_1","bleo","d21","Cluster1"
"pixel_83858",16620.080078125,55225.46875,"bleo_d21_1","bleo","d21","Cluster1"
"pixel_83859",16550.080078125,55225.46875,"bleo_d21_1","bleo","d21","Cluster2"
"pixel_83860",16480.080078125,55225.46875,"bleo_d21_1","bleo","d21","Cluster2"
"pixel_83861",16410.080078125,55225.46875,"bleo_d21_1","bleo","d21","Cluster2"
"pixel_83862",16340.0791015625,55225.46875,"bleo_d21_1","bleo","d21","Cluster1"
"pixel_83863",16270.0791015625,55225.46875,"bleo_d21_1","bleo","d21","Cluster1"
"pixel_83864",16200.0791015625,55225.46875,"bleo_d21_1","bleo","d21","Cluster1"
"pixel_84471",16970.080078125,55155.46875,"bleo_d21_1","bleo","d21","Cluster1"
"pixel_84472",16900.080078125,55155.46875,"bleo_d21_1","bleo","d21","Cluster1"
"pixel_84473",16830.080078125,55155.46875,"bleo_d21_1","bleo","d21","Cluster1"
"pixel_84474",16760.080078125,55155.46875,"bleo_d21_1","bleo","d21","Cluster1"
"pixel_84475",16690.080078125,55155.46875,"bleo_d21_1","bleo","d21","Cluster1"
"pixel_84476",16620.080078125,55155.46875,"bleo_d21_1","bleo","d21","Cluster1"
"pixel_84477",16550.080078125,55155.46875,"bleo_d21_1","bleo","d21","Cluster2"
"pixel_84478",16480.080078125,55155.46875,"bleo_d21_1","bleo","d21","Cluster2"
"pixel_84479",16410.080078125,55155.46875,"bleo_d21_1","bleo","d21","Cluster2"
"pixel_84480",16340.0791015625,55155.46875,"bleo_d21_1","bleo","d21","Cluster1"
"pixel_84481",16270.0791015625,55155.46875,"bleo_d21_1","bleo","d21","Cluster1"
"pixel_84482",16200.0791015625,55155.46875,"bleo_d21_1","bleo","d21","Cluster1"
"pixel_85089",16970.080078125,55085.46875,"bleo_d21_1","bleo","d21","Cluster1"
"pixel_85090",16900.080078125,55085.46875,"bleo_d21_1","bleo","d21","Cluster1"
"pixel_85091",16830.080078125,55085.46875,"bleo_d21_1","bleo","d21","Cluster1"
"pixel_85092",16760.080078125,55085.46875,"bleo_d21_1","bleo","d21","Cluster1"
"pixel_85093",16690.080078125,55085.46875,"bleo_d21_1","bleo","d21","Cluster1"
"pixel_85094",16620.080078125,55085.46875,"bleo_d21_1","bleo","d21","Cluster1"
"pixel_85095",16550.080078125,55085.46875,"bleo_d21_1","bleo","d21","Cluster2"
"pixel_85096",16480.080078125,55085.46875,"bleo_d21_1","bleo","d21","Cluster2"
"pixel_85097",16410.080078125,55085.46875,"bleo_d21_1","bleo","d21","Cluster2"
"pixel_85098",16340.0791015625,55085.46875,"bleo_d21_1","bleo","d21","Cluster1"
"pixel_85099",16270.0791015625,55085.46875,"bleo_d21_1","bleo","d21","Cluster1"
"pixel_85100",16200.0791015625,55085.46875,"bleo_d21_1","bleo","d21","Cluster1"
"pixel_85707",16970.080078125,55015.46875,"bleo_d21_1","bleo","d21","Cluster1"
"pixel_85708",16900.080078125,55015.46875,"bleo_d21_1","bleo","d21","Cluster1"
"pixel_85709",16830.080078125,55015.46875,"bleo_d21_1","bleo","d21","Cluster1"
"pixel_85710",16760.080078125,55015.46875,"bleo_d21_1","bleo","d21","Cluster1"
"pixel_85711",16690.080078125,55015.46875,"bleo_d21_1","bleo","d21","Cluster1"
"pixel_85712",16620.080078125,55015.46875,"bleo_d21_1","bleo","d21","Cluster1"
"pixel_85713",16550.080078125,55015.46875,"bleo_d21_1","bleo","d21","Cluster2"
"pixel_85714",16480.080078125,55015.46875,"bleo_d21_1","bleo","d21","Cluster2"
"pixel_85715",16410.080078125,55015.46875,"bleo_d21_1","bleo","d21","Cluster2"
"pixel_85716",16340.0791015625,55015.46875,"bleo_d21_1","bleo","d21","Cluster1"
"pixel_85717",16270.0791015625,55015.46875,"bleo_d21_1","bleo","d21","Cluster1"
"pixel_85718",16200.0791015625,55015.46875,"bleo_d21_1","bleo","d21","Cluster1"
"pixel_86325",16970.080078125,54945.46875,"bleo_d21_1","bleo","d21","Cluster1"
"pixel_86326",16900.080078125,54945.46875,"bleo_d21_1","bleo","d21","Cluster1"
"pixel_86327",16830.080078125,54945.46875,"bleo_d21_1","bleo","d21","Cluster1"
"pixel_86328",16760.080078125,54945.46875,"bleo_d21_1","bleo","d21","Cluster1"
"pixel_86329",16690.080078125,54945.46875,"bleo_d21_1","bleo","d21","Cluster1"
"pixel_86330",16620.080078125,54945.46875,"bleo_d21_1","bleo","d21","Cluster1"
"pixel_86331",16550.080078125,54945.46875,"bleo_d21_1","bleo","d21","Cluster2"
"pixel_86332",16480.080078125,54945.46875,"bleo_d21_1","bleo","d21","Cluster2"
"pixel_86333",16410.080078125,54945.46875,"bleo_d21_1","bleo","d21","Cluster2"
"pixel_86334",16340.0791015625,54945.46875,"bleo_d21_1","bleo","d21","Cluster1"
"pixel_86335",16270.0791015625,54945.46875,"bleo_d21_1","bleo","d21","Cluster1"
"pixel_86336",16200.0791015625,54945.46875,"bleo_d21_1","bleo","d21","Cluster1"
"pixel_86943",16970.080078125,54875.46875,"bleo_d21_1","bleo","d21","Cluster1"
"pixel_86944",16900.080078125,54875.46875,"bleo_d21_1","bleo","d21","Cluster1"
"pixel_86945",16830.080078125,54875.46875,"bleo_d21_1","bleo","d21","Cluster1"
"pixel_86946",16760.080078125,54875.46875,"bleo_d21_1","bleo","d21","Cluster1"
"pixel_86947",16690.080078125,54875.46875,"bleo_d21_1","bleo","d21","Cluster1"
"pixel_86948",16620.080078125,54875.46875,"bleo_d21_1","bleo","d21","Cluster1"
"pixel_86949",16550.080078125,54875.46875,"bleo_d21_1","bleo","d21","Cluster2"
"pixel_86950",16480.080078125,54875.46875,"bleo_d21_1","bleo","d21","Cluster2"
"pixel_86951",16410.080078125,54875.46875,"bleo_d21_1","bleo","d21","Cluster1"
"pixel_86952",16340.0791015625,54875.46875,"bleo_d21_1","bleo","d21","Cluster1"
"pixel_86953",16270.0791015625,54875.46875,"bleo_d21_1","bleo","d21","Cluster1"
"pixel_86954",16200.0791015625,54875.46875,"bleo_d21_1","bleo","d21","Cluster1"
"pixel_87561",16970.080078125,54805.46875,"bleo_d21_1","bleo","d21","Cluster1"
"pixel_87562",16900.080078125,54805.46875,"bleo_d21_1","bleo","d21","Cluster1"
"pixel_87563",16830.080078125,54805.46875,"bleo_d21_1","bleo","d21","Cluster1"
"pixel_87564",16760.080078125,54805.46875,"bleo_d21_1","bleo","d21","Cluster1"
"pixel_87565",16690.080078125,54805.46875,"bleo_d21_1","bleo","d21","Cluster1"
"pixel_87566",16620.080078125,54805.46875,"bleo_d21_1","bleo","d21","Cluster1"
"pixel_87567",16550.080078125,54805.46875,"bleo_d21_1","bleo","d21","Cluster2"
"pixel_87568",16480.080078125,54805.46875,"bleo_d21_1","bleo","d21","Cluster2"
"pixel_87569",16410.080078125,54805.46875,"bleo_d21_1","bleo","d21","Cluster1"
"pixel_87570",16340.0791015625,54805.46875,"bleo_d21_1","bleo","d21","Cluster1"
"pixel_87571",16270.0791015625,54805.46875,"bleo_d21_1","bleo","d21","Cluster1"
"pixel_87572",16200.0791015625,54805.46875,"bleo_d21_1","bleo","d21","Cluster1"
"pixel_88179",16970.080078125,54735.46875,"bleo_d21_1","bleo","d21","Cluster1"
"pixel_88180",16900.080078125,54735.46875,"bleo_d21_1","bleo","d21","Cluster1"
"pixel_88181",16830.080078125,54735.46875,"bleo_d21_1","bleo","d21","Cluster1"
"pixel_88182",16760.080078125,54735.46875,"bleo_d21_1","bleo","d21","Cluster1"
"pixel_88183",16690.080078125,54735.46875,"bleo_d21_1","bleo","d21","Cluster1"
"pixel_88184",16620.080078125,54735.46875,"bleo_d21_1","bleo","d21","Cluster1"
"pixel_88185",16550.080078125,54735.46875,"bleo_d21_1","bleo","d21","Cluster1"
"pixel_88186",16480.080078125,54735.46875,"bleo_d21_1","bleo","d21","Cluster1"
"pixel_88187",16410.080078125,54735.46875,"bleo_d21_1","bleo","d21","Cluster1"
"pixel_88188",16340.0791015625,54735.46875,"bleo_d21_1","bleo","d21","Cluster1"
"pixel_88189",16270.0791015625,54735.46875,"bleo_d21_1","bleo","d21","Cluster1"
"pixel_88797",16970.080078125,54665.46875,"bleo_d21_1","bleo","d21","Cluster1"
"pixel_88798",16900.080078125,54665.46875,"bleo_d21_1","bleo","d21","Cluster1"
"pixel_88799",16830.080078125,54665.46875,"bleo_d21_1","bleo","d21","Cluster1"
"pixel_88800",16760.080078125,54665.46875,"bleo_d21_1","bleo","d21","Cluster1"
"pixel_88801",16690.080078125,54665.46875,"bleo_d21_1","bleo","d21","Cluster1"
"pixel_88802",16620.080078125,54665.46875,"bleo_d21_1","bleo","d21","Cluster1"
"pixel_88803",16550.080078125,54665.46875,"bleo_d21_1","bleo","d21","Cluster1"
"pixel_88804",16480.080078125,54665.46875,"bleo_d21_1","bleo","d21","Cluster1"
"pixel_88805",16410.080078125,54665.46875,"bleo_d21_1","bleo","d21","Cluster1"
"pixel_88806",16340.0791015625,54665.46875,"bleo_d21_1","bleo","d21","Cluster1"
"pixel_88807",16270.0791015625,54665.46875,"bleo_d21_1","bleo","d21","Cluster1"
"pixel_89415",16970.080078125,54595.46875,"bleo_d21_1","bleo","d21","Cluster1"
"pixel_89416",16900.080078125,54595.46875,"bleo_d21_1","bleo","d21","Cluster1"
"pixel_89417",16830.080078125,54595.46875,"bleo_d21_1","bleo","d21","Cluster1"
"pixel_89418",16760.080078125,54595.46875,"bleo_d21_1","bleo","d21","Cluster1"
"pixel_89419",16690.080078125,54595.46875,"bleo_d21_1","bleo","d21","Cluster1"
"pixel_89420",16620.080078125,54595.46875,"bleo_d21_1","bleo","d21","Cluster1"
"pixel_89421",16550.080078125,54595.46875,"bleo_d21_1","bleo","d21","Cluster1"
"pixel_89422",16480.080078125,54595.46875,"bleo_d21_1","bleo","d21","Cluster1"
"pixel_89423",16410.080078125,54595.46875,"bleo_d21_1","bleo","d21","Cluster1"
"pixel_89424",16340.0791015625,54595.46875,"bleo_d21_1","bleo","d21","Cluster1"
"pixel_89425",16270.0791015625,54595.46875,"bleo_d21_1","bleo","d21","Cluster1"
"pixel_90033",16970.080078125,54525.46875,"bleo_d21_1","bleo","d21","Cluster1"
"pixel_90034",16900.080078125,54525.46875,"bleo_d21_1","bleo","d21","Cluster1"
"pixel_90035",16830.080078125,54525.46875,"bleo_d21_1","bleo","d21","Cluster1"
"pixel_90036",16760.080078125,54525.46875,"bleo_d21_1","bleo","d21","Cluster1"
"pixel_90037",16690.080078125,54525.46875,"bleo_d21_1","bleo","d21","Cluster1"
"pixel_90038",16620.080078125,54525.46875,"bleo_d21_1","bleo","d21","Cluster1"
"pixel_90039",16550.080078125,54525.46875,"bleo_d21_1","bleo","d21","Cluster1"
"pixel_90040",16480.080078125,54525.46875,"bleo_d21_1","bleo","d21","Cluster1"
"pixel_90041",16410.080078125,54525.46875,"bleo_d21_1","bleo","d21","Cluster1"
"pixel_90042",16340.0791015625,54525.46875,"bleo_d21_1","bleo","d21","Cluster1"
"pixel_90043",16270.0791015625,54525.46875,"bleo_d21_1","bleo","d21","Cluster1"
"pixel_90651",16970.080078125,54455.46875,"bleo_d21_1","bleo","d21","Cluster1"
"pixel_90652",16900.080078125,54455.46875,"bleo_d21_1","bleo","d21","Cluster1"
"pixel_90653",16830.080078125,54455.46875,"bleo_d21_1","bleo","d21","Cluster1"
"pixel_90654",16760.080078125,54455.46875,"bleo_d21_1","bleo","d21","Cluster1"
"pixel_90655",16690.080078125,54455.46875,"bleo_d21_1","bleo","d21","Cluster1"
"pixel_90656",16620.080078125,54455.46875,"bleo_d21_1","bleo","d21","Cluster1"
"pixel_90657",16550.080078125,54455.46875,"bleo_d21_1","bleo","d21","Cluster1"
"pixel_90658",16480.080078125,54455.46875,"bleo_d21_1","bleo","d21","Cluster1"
"pixel_90659",16410.080078125,54455.46875,"bleo_d21_1","bleo","d21","Cluster1"
"pixel_90660",16340.0791015625,54455.46875,"bleo_d21_1","bleo","d21","Cluster1"
"pixel_90661",16270.0791015625,54455.46875,"bleo_d21_1","bleo","d21","Cluster1"
"pixel_91269",16970.080078125,54385.46875,"bleo_d21_1","bleo","d21","Cluster1"
"pixel_91270",16900.080078125,54385.46875,"bleo_d21_1","bleo","d21","Cluster1"
"pixel_91271",16830.080078125,54385.46875,"bleo_d21_1","bleo","d21","Cluster1"
"pixel_91272",16760.080078125,54385.46875,"bleo_d21_1","bleo","d21","Cluster1"
"pixel_91273",16690.080078125,54385.46875,"bleo_d21_1","bleo","d21","Cluster1"
"pixel_91274",16620.080078125,54385.46875,"bleo_d21_1","bleo","d21","Cluster1"
"pixel_91275",16550.080078125,54385.46875,"bleo_d21_1","bleo","d21","Cluster1"
"pixel_91276",16480.080078125,54385.46875,"bleo_d21_1","bleo","d21","Cluster1"
"pixel_91277",16410.080078125,54385.46875,"bleo_d21_1","bleo","d21","Cluster1"
"pixel_91278",16340.0791015625,54385.46875,"bleo_d21_1","bleo","d21","Cluster1"
"pixel_91279",16270.0791015625,54385.46875,"bleo_d21_1","bleo","d21","Cluster1"
"pixel_91887",16970.080078125,54315.46875,"bleo_d21_1","bleo","d21","Cluster1"
"pixel_91888",16900.080078125,54315.46875,"bleo_d21_1","bleo","d21","Cluster1"
"pixel_91889",16830.080078125,54315.46875,"bleo_d21_1","bleo","d21","Cluster1"
"pixel_91890",16760.080078125,54315.46875,"bleo_d21_1","bleo","d21","Cluster1"
"pixel_91891",16690.080078125,54315.46875,"bleo_d21_1","bleo","d21","Cluster1"
"pixel_91892",16620.080078125,54315.46875,"bleo_d21_1","bleo","d21","Cluster1"
"pixel_91893",16550.080078125,54315.46875,"bleo_d21_1","bleo","d21","Cluster1"
"pixel_91894",16480.080078125,54315.46875,"bleo_d21_1","bleo","d21","Cluster1"
"pixel_91895",16410.080078125,54315.46875,"bleo_d21_1","bleo","d21","Cluster1"
"pixel_91896",16340.0791015625,54315.46875,"bleo_d21_1","bleo","d21","Cluster1"
"pixel_92505",16970.080078125,54245.46875,"bleo_d21_1","bleo","d21","Cluster2"
"pixel_92506",16900.080078125,54245.46875,"bleo_d21_1","bleo","d21","Cluster2"
"pixel_92507",16830.080078125,54245.46875,"bleo_d21_1","bleo","d21","Cluster1"
"pixel_92508",16760.080078125,54245.46875,"bleo_d21_1","bleo","d21","Cluster1"
"pixel_92509",16690.080078125,54245.46875,"bleo_d21_1","bleo","d21","Cluster1"
"pixel_92510",16620.080078125,54245.46875,"bleo_d21_1","bleo","d21","Cluster1"
"pixel_92511",16550.080078125,54245.46875,"bleo_d21_1","bleo","d21","Cluster1"
"pixel_92512",16480.080078125,54245.46875,"bleo_d21_1","bleo","d21","Cluster1"
"pixel_92513",16410.080078125,54245.46875,"bleo_d21_1","bleo","d21","Cluster1"
"pixel_92514",16340.0791015625,54245.46875,"bleo_d21_1","bleo","d21","Cluster1"
"pixel_93123",16970.080078125,54175.46875,"bleo_d21_1","bleo","d21","Cluster1"
"pixel_93124",16900.080078125,54175.46875,"bleo_d21_1","bleo","d21","Cluster2"
"pixel_93125",16830.080078125,54175.46875,"bleo_d21_1","bleo","d21","Cluster2"
"pixel_93126",16760.080078125,54175.46875,"bleo_d21_1","bleo","d21","Cluster2"
"pixel_93127",16690.080078125,54175.46875,"bleo_d21_1","bleo","d21","Cluster1"
"pixel_93128",16620.080078125,54175.46875,"bleo_d21_1","bleo","d21","Cluster1"
"pixel_93129",16550.080078125,54175.46875,"bleo_d21_1","bleo","d21","Cluster1"
"pixel_93130",16480.080078125,54175.46875,"bleo_d21_1","bleo","d21","Cluster1"
"pixel_93131",16410.080078125,54175.46875,"bleo_d21_1","bleo","d21","Cluster1"
"pixel_93741",16970.080078125,54105.46875,"bleo_d21_1","bleo","d21","Cluster1"
"pixel_93742",16900.080078125,54105.46875,"bleo_d21_1","bleo","d21","Cluster2"
"pixel_93743",16830.080078125,54105.46875,"bleo_d21_1","bleo","d21","Cluster2"
"pixel_93744",16760.080078125,54105.46875,"bleo_d21_1","bleo","d21","Cluster2"
"pixel_93745",16690.080078125,54105.46875,"bleo_d21_1","bleo","d21","Cluster2"
"pixel_93746",16620.080078125,54105.46875,"bleo_d21_1","bleo","d21","Cluster1"
"pixel_93747",16550.080078125,54105.46875,"bleo_d21_1","bleo","d21","Cluster1"
"pixel_93748",16480.080078125,54105.46875,"bleo_d21_1","bleo","d21","Cluster1"
"pixel_93749",16410.080078125,54105.46875,"bleo_d21_1","bleo","d21","Cluster1"
"pixel_94359",16970.080078125,54035.46875,"bleo_d21_1","bleo","d21","Cluster1"
"pixel_94360",16900.080078125,54035.46875,"bleo_d21_1","bleo","d21","Cluster2"
"pixel_94361",16830.080078125,54035.46875,"bleo_d21_1","bleo","d21","Cluster2"
"pixel_94362",16760.080078125,54035.46875,"bleo_d21_1","bleo","d21","Cluster2"
"pixel_94363",16690.080078125,54035.46875,"bleo_d21_1","bleo","d21","Cluster2"
"pixel_94364",16620.080078125,54035.46875,"bleo_d21_1","bleo","d21","Cluster1"
"pixel_94365",16550.080078125,54035.46875,"bleo_d21_1","bleo","d21","Cluster1"
"pixel_94366",16480.080078125,54035.46875,"bleo_d21_1","bleo","d21","Cluster1"
"pixel_94977",16970.080078125,53965.46875,"bleo_d21_1","bleo","d21","Cluster1"
"pixel_94978",16900.080078125,53965.46875,"bleo_d21_1","bleo","d21","Cluster2"
"pixel_94979",16830.080078125,53965.46875,"bleo_d21_1","bleo","d21","Cluster2"
"pixel_94980",16760.080078125,53965.46875,"bleo_d21_1","bleo","d21","Cluster2"
"pixel_94981",16690.080078125,53965.46875,"bleo_d21_1","bleo","d21","Cluster2"
"pixel_94982",16620.080078125,53965.46875,"bleo_d21_1","bleo","d21","Cluster1"
"pixel_94983",16550.080078125,53965.46875,"bleo_d21_1","bleo","d21","Cluster1"
"pixel_95595",16970.080078125,53895.46875,"bleo_d21_1","bleo","d21","Cluster2"
"pixel_95596",16900.080078125,53895.46875,"bleo_d21_1","bleo","d21","Cluster2"
"pixel_95597",16830.080078125,53895.46875,"bleo_d21_1","bleo","d21","Cluster2"
"pixel_95598",16760.080078125,53895.46875,"bleo_d21_1","bleo","d21","Cluster2"
"pixel_95599",16690.080078125,53895.46875,"bleo_d21_1","bleo","d21","Cluster1"
"pixel_95600",16620.080078125,53895.46875,"bleo_d21_1","bleo","d21","Cluster1"
"pixel_95601",16550.080078125,53895.46875,"bleo_d21_1","bleo","d21","Cluster1"
"pixel_96213",16970.080078125,53825.46875,"bleo_d21_1","bleo","d21","Cluster2"
"pixel_96214",16900.080078125,53825.46875,"bleo_d21_1","bleo","d21","Cluster2"
"pixel_96215",16830.080078125,53825.46875,"bleo_d21_1","bleo","d21","Cluster2"
"pixel_96216",16760.080078125,53825.46875,"bleo_d21_1","bleo","d21","Cluster2"
"pixel_96217",16690.080078125,53825.46875,"bleo_d21_1","bleo","d21","Cluster1"
"pixel_96218",16620.080078125,53825.46875,"bleo_d21_1","bleo","d21","Cluster1"
"pixel_96831",16970.080078125,53755.46875,"bleo_d21_1","bleo","d21","Cluster2"
"pixel_96832",16900.080078125,53755.46875,"bleo_d21_1","bleo","d21","Cluster2"
"pixel_96833",16830.080078125,53755.46875,"bleo_d21_1","bleo","d21","Cluster1"
"pixel_96834",16760.080078125,53755.46875,"bleo_d21_1","bleo","d21","Cluster1"
"pixel_96835",16690.080078125,53755.46875,"bleo_d21_1","bleo","d21","Cluster1"
"pixel_96836",16620.080078125,53755.46875,"bleo_d21_1","bleo","d21","Cluster1"
"pixel_97449",16970.080078125,53685.46875,"bleo_d21_1","bleo","d21","Cluster2"
"pixel_97450",16900.080078125,53685.46875,"bleo_d21_1","bleo","d21","Cluster1"
"pixel_97451",16830.080078125,53685.46875,"bleo_d21_1","bleo","d21","Cluster1"
"pixel_97452",16760.080078125,53685.46875,"bleo_d21_1","bleo","d21","Cluster1"
"pixel_97453",16690.080078125,53685.46875,"bleo_d21_1","bleo","d21","Cluster1"
"pixel_98067",16970.080078125,53615.46875,"bleo_d21_1","bleo","d21","Cluster2"
"pixel_98068",16900.080078125,53615.46875,"bleo_d21_1","bleo","d21","Cluster1"
"pixel_98069",16830.080078125,53615.46875,"bleo_d21_1","bleo","d21","Cluster1"
"pixel_98070",16760.080078125,53615.46875,"bleo_d21_1","bleo","d21","Cluster1"
"pixel_98071",16690.080078125,53615.46875,"bleo_d21_1","bleo","d21","Cluster1"
"pixel_98685",16970.080078125,53545.46875,"bleo_d21_1","bleo","d21","Cluster2"
"pixel_98686",16900.080078125,53545.46875,"bleo_d21_1","bleo","d21","Cluster1"
"pixel_98687",16830.080078125,53545.46875,"bleo_d21_1","bleo","d21","Cluster1"
"pixel_98688",16760.080078125,53545.46875,"bleo_d21_1","bleo","d21","Cluster1"
"pixel_99303",16970.080078125,53475.46875,"bleo_d21_1","bleo","d21","Cluster1"
"pixel_99304",16900.080078125,53475.46875,"bleo_d21_1","bleo","d21","Cluster1"
"pixel_99305",16830.080078125,53475.46875,"bleo_d21_1","bleo","d21","Cluster1"
"pixel_99306",16760.080078125,53475.46875,"bleo_d21_1","bleo","d21","Cluster1"
"pixel_99921",16970.080078125,53405.46875,"bleo_d21_1","bleo","d21","Cluster1"
"pixel_99922",16900.080078125,53405.46875,"bleo_d21_1","bleo","d21","Cluster1"
"pixel_99923",16830.080078125,53405.46875,"bleo_d21_1","bleo","d21","Cluster1"
"pixel_100539",16970.080078125,53335.46875,"bleo_d21_1","bleo","d21","Cluster1"
"pixel_100540",16900.080078125,53335.46875,"bleo_d21_1","bleo","d21","Cluster1"
"pixel_100541",16830.080078125,53335.46875,"bleo_d21_1","bleo","d21","Cluster1"
"pixel_101157",16970.080078125,53265.46875,"bleo_d21_1","bleo","d21","Cluster1"
"pixel_101158",16900.080078125,53265.46875,"bleo_d21_1","bleo","d21","Cluster1"
"pixel_101775",16970.080078125,53195.46875,"bleo_d21_1","bleo","d21","Cluster1"
"pixel_101776",16900.080078125,53195.46875,"bleo_d21_1","bleo","d21","Cluster1"
"pixel_102393",16970.080078125,53125.46875,"bleo_d21_1","bleo","d21","Cluster1"
"pixel_103011",16970.080078125,53055.46875,"bleo_d21_1","bleo","d21","Cluster1"
"pixel_886383",60978.3984375,29995,"bleo_d21_4b","bleo","d21","Cluster1"
"pixel_886384",60908.3984375,29995,"bleo_d21_4b","bleo","d21","Cluster1"
"pixel_886385",60838.3984375,29995,"bleo_d21_4b","bleo","d21","Cluster1"
"pixel_886386",60768.3984375,29995,"bleo_d21_4b","bleo","d21","Cluster1"
"pixel_886387",60698.3984375,29995,"bleo_d21_4b","bleo","d21","Cluster1"
"pixel_886388",60628.3984375,29995,"bleo_d21_4b","bleo","d21","Cluster1"
"pixel_886389",60558.3984375,29995,"bleo_d21_4b","bleo","d21","Cluster1"
"pixel_886390",60488.3984375,29995,"bleo_d21_4b","bleo","d21","Cluster1"
"pixel_886391",60418.3984375,29995,"bleo_d21_4b","bleo","d21","Cluster1"
"pixel_887045",60978.3984375,29925,"bleo_d21_4b","bleo","d21","Cluster1"
"pixel_887046",60908.3984375,29925,"bleo_d21_4b","bleo","d21","Cluster1"
"pixel_887047",60838.3984375,29925,"bleo_d21_4b","bleo","d21","Cluster1"
"pixel_887048",60768.3984375,29925,"bleo_d21_4b","bleo","d21","Cluster1"
"pixel_887049",60698.3984375,29925,"bleo_d21_4b","bleo","d21","Cluster2"
"pixel_887050",60628.3984375,29925,"bleo_d21_4b","bleo","d21","Cluster2"
"pixel_887051",60558.3984375,29925,"bleo_d21_4b","bleo","d21","Cluster1"
"pixel_887052",60488.3984375,29925,"bleo_d21_4b","bleo","d21","Cluster1"
"pixel_887707",60978.3984375,29855,"bleo_d21_4b","bleo","d21","Cluster1"
"pixel_887708",60908.3984375,29855,"bleo_d21_4b","bleo","d21","Cluster1"
"pixel_887709",60838.3984375,29855,"bleo_d21_4b","bleo","d21","Cluster1"
"pixel_887710",60768.3984375,29855,"bleo_d21_4b","bleo","d21","Cluster1"
"pixel_887711",60698.3984375,29855,"bleo_d21_4b","bleo","d21","Cluster2"
"pixel_887712",60628.3984375,29855,"bleo_d21_4b","bleo","d21","Cluster2"
"pixel_887713",60558.3984375,29855,"bleo_d21_4b","bleo","d21","Cluster2"
"pixel_887714",60488.3984375,29855,"bleo_d21_4b","bleo","d21","Cluster1"
"pixel_888369",60978.3984375,29785,"bleo_d21_4b","bleo","d21","Cluster1"
"pixel_888370",60908.3984375,29785,"bleo_d21_4b","bleo","d21","Cluster1"
"pixel_888371",60838.3984375,29785,"bleo_d21_4b","bleo","d21","Cluster1"
"pixel_888372",60768.3984375,29785,"bleo_d21_4b","bleo","d21","Cluster1"
"pixel_888373",60698.3984375,29785,"bleo_d21_4b","bleo","d21","Cluster2"
"pixel_888374",60628.3984375,29785,"bleo_d21_4b","bleo","d21","Cluster2"
"pixel_888375",60558.3984375,29785,"bleo_d21_4b","bleo","d21","Cluster2"
"pixel_888376",60488.3984375,29785,"bleo_d21_4b","bleo","d21","Cluster1"
"pixel_889031",60978.3984375,29715,"bleo_d21_4b","bleo","d21","Cluster1"
"pixel_889032",60908.3984375,29715,"bleo_d21_4b","bleo","d21","Cluster1"
"pixel_889033",60838.3984375,29715,"bleo_d21_4b","bleo","d21","Cluster1"
"pixel_889034",60768.3984375,29715,"bleo_d21_4b","bleo","d21","Cluster1"
"pixel_889035",60698.3984375,29715,"bleo_d21_4b","bleo","d21","Cluster2"
"pixel_889036",60628.3984375,29715,"bleo_d21_4b","bleo","d21","Cluster2"
"pixel_889037",60558.3984375,29715,"bleo_d21_4b","bleo","d21","Cluster1"
"pixel_889038",60488.3984375,29715,"bleo_d21_4b","bleo","d21","Cluster1"
"pixel_889693",60978.3984375,29645,"bleo_d21_4b","bleo","d21","Cluster1"
"pixel_889694",60908.3984375,29645,"bleo_d21_4b","bleo","d21","Cluster1"
"pixel_889695",60838.3984375,29645,"bleo_d21_4b","bleo","d21","Cluster1"
"pixel_889696",60768.3984375,29645,"bleo_d21_4b","bleo","d21","Cluster2"
"pixel_889697",60698.3984375,29645,"bleo_d21_4b","bleo","d21","Cluster2"
"pixel_889698",60628.3984375,29645,"bleo_d21_4b","bleo","d21","Cluster1"
"pixel_889699",60558.3984375,29645,"bleo_d21_4b","bleo","d21","Cluster1"
"pixel_889700",60488.3984375,29645,"bleo_d21_4b","bleo","d21","Cluster1"
"pixel_890355",60978.3984375,29575,"bleo_d21_4b","bleo","d21","Cluster1"
"pixel_890356",60908.3984375,29575,"bleo_d21_4b","bleo","d21","Cluster1"
"pixel_890357",60838.3984375,29575,"bleo_d21_4b","bleo","d21","Cluster1"
"pixel_890358",60768.3984375,29575,"bleo_d21_4b","bleo","d21","Cluster2"
"pixel_890359",60698.3984375,29575,"bleo_d21_4b","bleo","d21","Cluster2"
"pixel_890360",60628.3984375,29575,"bleo_d21_4b","bleo","d21","Cluster1"
"pixel_890361",60558.3984375,29575,"bleo_d21_4b","bleo","d21","Cluster1"
"pixel_891017",60978.3984375,29505,"bleo_d21_4b","bleo","d21","Cluster1"
"pixel_891018",60908.3984375,29505,"bleo_d21_4b","bleo","d21","Cluster2"
"pixel_891019",60838.3984375,29505,"bleo_d21_4b","bleo","d21","Cluster2"
"pixel_891020",60768.3984375,29505,"bleo_d21_4b","bleo","d21","Cluster2"
"pixel_891021",60698.3984375,29505,"bleo_d21_4b","bleo","d21","Cluster1"
"pixel_891022",60628.3984375,29505,"bleo_d21_4b","bleo","d21","Cluster1"
"pixel_891023",60558.3984375,29505,"bleo_d21_4b","bleo","d21","Cluster1"
"pixel_891679",60978.3984375,29435,"bleo_d21_4b","bleo","d21","Cluster1"
"pixel_891680",60908.3984375,29435,"bleo_d21_4b","bleo","d21","Cluster2"
"pixel_891681",60838.3984375,29435,"bleo_d21_4b","bleo","d21","Cluster2"
"pixel_891682",60768.3984375,29435,"bleo_d21_4b","bleo","d21","Cluster2"
"pixel_891683",60698.3984375,29435,"bleo_d21_4b","bleo","d21","Cluster1"
"pixel_891684",60628.3984375,29435,"bleo_d21_4b","bleo","d21","Cluster1"
"pixel_891685",60558.3984375,29435,"bleo_d21_4b","bleo","d21","Cluster1"
"pixel_892341",60978.3984375,29365,"bleo_d21_4b","bleo","d21","Cluster2"
"pixel_892342",60908.3984375,29365,"bleo_d21_4b","bleo","d21","Cluster2"
"pixel_892343",60838.3984375,29365,"bleo_d21_4b","bleo","d21","Cluster2"
"pixel_892344",60768.3984375,29365,"bleo_d21_4b","bleo","d21","Cluster2"
"pixel_892345",60698.3984375,29365,"bleo_d21_4b","bleo","d21","Cluster1"
"pixel_892346",60628.3984375,29365,"bleo_d21_4b","bleo","d21","Cluster1"
"pixel_892347",60558.3984375,29365,"bleo_d21_4b","bleo","d21","Cluster1"
"pixel_893003",60978.3984375,29295,"bleo_d21_4b","bleo","d21","Cluster1"
"pixel_893004",60908.3984375,29295,"bleo_d21_4b","bleo","d21","Cluster2"
"pixel_893005",60838.3984375,29295,"bleo_d21_4b","bleo","d21","Cluster2"
"pixel_893006",60768.3984375,29295,"bleo_d21_4b","bleo","d21","Cluster2"
"pixel_893007",60698.3984375,29295,"bleo_d21_4b","bleo","d21","Cluster1"
"pixel_893008",60628.3984375,29295,"bleo_d21_4b","bleo","d21","Cluster1"
"pixel_893665",60978.3984375,29225,"bleo_d21_4b","bleo","d21","Cluster1"
"pixel_893666",60908.3984375,29225,"bleo_d21_4b","bleo","d21","Cluster1"
"pixel_893667",60838.3984375,29225,"bleo_d21_4b","bleo","d21","Cluster2"
"pixel_893668",60768.3984375,29225,"bleo_d21_4b","bleo","d21","Cluster1"
"pixel_893669",60698.3984375,29225,"bleo_d21_4b","bleo","d21","Cluster1"
"pixel_893670",60628.3984375,29225,"bleo_d21_4b","bleo","d21","Cluster1"
"pixel_894327",60978.3984375,29155,"bleo_d21_4b","bleo","d21","Cluster1"
"pixel_894328",60908.3984375,29155,"bleo_d21_4b","bleo","d21","Cluster1"
"pixel_894329",60838.3984375,29155,"bleo_d21_4b","bleo","d21","Cluster1"
"pixel_894330",60768.3984375,29155,"bleo_d21_4b","bleo","d21","Cluster1"
"pixel_894331",60698.3984375,29155,"bleo_d21_4b","bleo","d21","Cluster1"
"pixel_894332",60628.3984375,29155,"bleo_d21_4b","bleo","d21","Cluster1"
"pixel_894989",60978.3984375,29085,"bleo_d21_4b","bleo","d21","Cluster1"
"pixel_894990",60908.3984375,29085,"bleo_d21_4b","bleo","d21","Cluster2"
"pixel_894991",60838.3984375,29085,"bleo_d21_4b","bleo","d21","Cluster2"
"pixel_894992",60768.3984375,29085,"bleo_d21_4b","bleo","d21","Cluster1"
"pixel_894993",60698.3984375,29085,"bleo_d21_4b","bleo","d21","Cluster1"
"pixel_895651",60978.3984375,29015,"bleo_d21_4b","bleo","d21","Cluster2"
"pixel_895652",60908.3984375,29015,"bleo_d21_4b","bleo","d21","Cluster2"
"pixel_895653",60838.3984375,29015,"bleo_d21_4b","bleo","d21","Cluster2"
"pixel_895654",60768.3984375,29015,"bleo_d21_4b","bleo","d21","Cluster2"
"pixel_895655",60698.3984375,29015,"bleo_d21_4b","bleo","d21","Cluster1"
"pixel_896313",60978.3984375,28945,"bleo_d21_4b","bleo","d21","Cluster2"
"pixel_896314",60908.3984375,28945,"bleo_d21_4b","bleo","d21","Cluster2"
"pixel_896315",60838.3984375,28945,"bleo_d21_4b","bleo","d21","Cluster2"
"pixel_896316",60768.3984375,28945,"bleo_d21_4b","bleo","d21","Cluster2"
"pixel_896317",60698.3984375,28945,"bleo_d21_4b","bleo","d21","Cluster2"
"pixel_896975",60978.3984375,28875,"bleo_d21_4b","bleo","d21","Cluster2"
"pixel_896976",60908.3984375,28875,"bleo_d21_4b","bleo","d21","Cluster2"
"pixel_896977",60838.3984375,28875,"bleo_d21_4b","bleo","d21","Cluster2"
"pixel_896978",60768.3984375,28875,"bleo_d21_4b","bleo","d21","Cluster2"
"pixel_897637",60978.3984375,28805,"bleo_d21_4b","bleo","d21","Cluster2"
"pixel_897638",60908.3984375,28805,"bleo_d21_4b","bleo","d21","Cluster2"
"pixel_897639",60838.3984375,28805,"bleo_d21_4b","bleo","d21","Cluster2"
"pixel_897640",60768.3984375,28805,"bleo_d21_4b","bleo","d21","Cluster2"
"pixel_898299",60978.3984375,28735,"bleo_d21_4b","bleo","d21","Cluster1"
"pixel_898300",60908.3984375,28735,"bleo_d21_4b","bleo","d21","Cluster2"
"pixel_898301",60838.3984375,28735,"bleo_d21_4b","bleo","d21","Cluster2"
"pixel_898961",60978.3984375,28665,"bleo_d21_4b","bleo","d21","Cluster1"
"pixel_898962",60908.3984375,28665,"bleo_d21_4b","bleo","d21","Cluster1"
"pixel_898963",60838.3984375,28665,"bleo_d21_4b","bleo","d21","Cluster1"
"pixel_899623",60978.3984375,28595,"bleo_d21_4b","bleo","d21","Cluster1"
"pixel_899624",60908.3984375,28595,"bleo_d21_4b","bleo","d21","Cluster1"
"pixel_900285",60978.3984375,28525,"bleo_d21_4b","bleo","d21","Cluster1"
"pixel_900286",60908.3984375,28525,"bleo_d21_4b","bleo","d21","Cluster1"
"pixel_900947",60978.3984375,28455,"bleo_d21_4b","bleo","d21","Cluster1"
"pixel_901609",60978.3984375,28385,"bleo_d21_4b","bleo","d21","Cluster1"
